<?xml version="1.0" encoding="UTF-8"?>
<project-private xmlns="http://www.netbeans.org/ns/project-private/1">
    <editor-bookmarks xmlns="http://www.netbeans.org/ns/editor-bookmarks/2" lastBookmarkId="0"/>
    <open-files xmlns="http://www.netbeans.org/ns/projectui-open-files/2">
        <group>
            <file>file:/C:/Users/DOLPHIX%20ELECTRONICS/Documents/NetBeansProjects/mng/src/user.java</file>
            <file>file:/C:/Users/DOLPHIX%20ELECTRONICS/Documents/NetBeansProjects/mng/src/HOME_PAGE.java</file>
            <file>file:/C:/Users/DOLPHIX%20ELECTRONICS/Documents/NetBeansProjects/mng/src/mng/Mng.java</file>
            <file>file:/C:/Users/DOLPHIX%20ELECTRONICS/Documents/NetBeansProjects/mng/src/log.java</file>
            <file>file:/C:/Users/DOLPHIX%20ELECTRONICS/Documents/NetBeansProjects/mng/src/ROOM.java</file>
            <file>file:/C:/Users/DOLPHIX%20ELECTRONICS/Documents/NetBeansProjects/mng/src/admin.java</file>
            <file>file:/C:/Users/DOLPHIX%20ELECTRONICS/Documents/NetBeansProjects/mng/src/RESERVATION.java</file>
        </group>
    </open-files>
</project-private>
